Allmächtiger,3,33,Anbetung und Dank
Am heil’gen Tag,4,214,Anbetung und Dank
Danket dem Herrn,3,2,Anbetung und Dank
Das ist ein köstlich Ding,4,205,Anbetung und Dank
Das ist ein köstliches Ding,3,11,Anbetung und Dank
Das Kreuz es steht fest,3,26,Anbetung und Dank
Das Volk Gottes scharet,2,105,Anbetung und Dank
Der Herr hat großes,4,173,Anbetung und Dank
Dich will ich preisen,4,164,Anbetung und Dank
Die Erd‘ ist des Herrn,4,186,Anbetung und Dank
Die Himmel erzählen,4,165,Anbetung und Dank
Dies ist der Tag,4,352,Anbetung und Dank
"Ehre dir, mein Retter",4,166,Anbetung und Dank
Erhebet den Herrn!,0,71,Anbetung und Dank
Frohlocket in dem Herrn,3,34,Anbetung und Dank
Für Wohltat groß,3,15,Anbetung und Dank
Groß ist des Schöpfers,4,202,Anbetung und Dank
Ich danke herzlich,4,201,Anbetung und Dank
Ich will den Herrn Loben,4,174,Anbetung und Dank
Ich weiß Gott wird mich,3,52,Anbetung und Dank
Jauchzet dem Herrn,0,44,Anbetung und Dank
Jauchzet Gott,4,172,Anbetung und Dank
Lobe Gott,3,20,Anbetung und Dank
Lobet den Herrn,3,31,Anbetung und Dank
Lobet den Herrn,0,39,Anbetung und Dank
Lobet Jehova,0,6,Anbetung und Dank
Lobsinget dem Herrn,1,77,Anbetung und Dank
Lobsinget Namen,0,0,Anbetung und Dank
Mein Herr und Gott,2,147,Anbetung und Dank
Mein Herz ist dir bereit,1,83,Anbetung und Dank
Danket dem Herrn,0,56,Anbetung und Dank
O großer Gott,3,1,Anbetung und Dank
O großer Gott,0,42,Anbetung und Dank
Preiset den Herrn,2,155,Anbetung und Dank
"Preist Gott, den Vater",0,73,Anbetung und Dank
Singet dem Herrn ein,0,43,Anbetung und Dank
Singet froh dem Herrn,1,53,Anbetung und Dank
Singet Gott dem Herrn,3,7,Anbetung und Dank
Singt dem Allmächtigen,4,188,Anbetung und Dank
Wie groß ist des,4,191,Anbetung und Dank
"Wir preisen, preisen",1,41,Anbetung und Dank
Wunder der Gnade,4,313,Anbetung und Dank
Wie lieblich,3,45,Anbetung und Dank
